name,email
Jonah Getz,jonah.n.getz@gmail.com
Joshua Cassell,joshuafcassell@gmail.com
Khadijah Fatima Syed,khadijahsyed851@gmail.com
olayyan alharbi,alianalharbbiii@gmail.com
Gabriel Albino,gabe.albino@gmail.com
Francisco Baez,fbaez47@gmail.com
Josh Voytek,jvoytek9@gmail.com
